benchmark,task_id,difficulty,platform,question_tokens,prompt_tokens,starter_code_tokens
LiveCodeBench,1873_A,easy,codeforces,404,425,0
LiveCodeBench,1873_B,easy,codeforces,290,311,0
LiveCodeBench,1873_D,easy,codeforces,507,529,0
LiveCodeBench,1883_B,medium,codeforces,695,716,0
LiveCodeBench,1883_C,medium,codeforces,688,710,0
LiveCodeBench,1899_A,easy,codeforces,231,252,0
LiveCodeBench,1899_B,hard,codeforces,703,725,0
LiveCodeBench,1899_C,hard,codeforces,435,456,0
LiveCodeBench,1899_D,hard,codeforces,692,713,0
LiveCodeBench,2727,easy,leetcode,287,336,19
LiveCodeBench,2728,medium,leetcode,295,345,19
LiveCodeBench,2730,medium,leetcode,253,306,22
LiveCodeBench,2754,medium,leetcode,262,311,18
LiveCodeBench,2755,medium,leetcode,292,346,23
LiveCodeBench,2756,easy,leetcode,249,303,23
LiveCodeBench,2757,hard,leetcode,275,338,32
LiveCodeBench,2777,easy,leetcode,619,670,20
LiveCodeBench,2779,medium,leetcode,508,564,25
LiveCodeBench,2784,hard,leetcode,446,496,19
LiveCodeBench,2785,easy,leetcode,417,467,20
LiveCodeBench,2786,medium,leetcode,268,320,22
LiveCodeBench,2791,easy,leetcode,520,575,24
LiveCodeBench,2792,medium,leetcode,386,437,20
LiveCodeBench,2800,easy,leetcode,243,289,16
LiveCodeBench,2802,medium,leetcode,360,408,17
LiveCodeBench,2808,hard,leetcode,358,413,24
LiveCodeBench,2810,medium,leetcode,407,460,22
LiveCodeBench,2811,medium,leetcode,199,251,21
LiveCodeBench,2812,easy,leetcode,287,342,24
LiveCodeBench,2816,easy,leetcode,332,381,19
LiveCodeBench,2817,medium,leetcode,375,422,17
LiveCodeBench,2819,easy,leetcode,124,174,20
LiveCodeBench,2824,easy,leetcode,242,292,19
LiveCodeBench,2825,easy,leetcode,508,556,17
LiveCodeBench,2827,hard,leetcode,512,564,21
LiveCodeBench,2828,medium,leetcode,334,382,17
LiveCodeBench,2831,easy,leetcode,580,630,19
LiveCodeBench,2832,medium,leetcode,313,368,24
LiveCodeBench,2833,medium,leetcode,433,497,33
LiveCodeBench,2834,medium,leetcode,555,616,31
LiveCodeBench,2837,medium,leetcode,317,373,25
LiveCodeBench,2839,hard,leetcode,661,725,33
LiveCodeBench,2844,easy,leetcode,378,429,20
LiveCodeBench,2845,medium,leetcode,357,408,20
LiveCodeBench,2847,easy,leetcode,383,433,20
LiveCodeBench,2848,medium,leetcode,204,253,18
LiveCodeBench,2849,hard,leetcode,469,520,20
LiveCodeBench,2850,medium,leetcode,313,369,25
LiveCodeBench,2854,medium,leetcode,525,577,21
LiveCodeBench,2855,medium,leetcode,484,538,23
LiveCodeBench,2856,medium,leetcode,217,268,20
LiveCodeBench,2857,easy,leetcode,279,334,24
LiveCodeBench,2866,easy,leetcode,436,492,25
LiveCodeBench,2867,medium,leetcode,224,277,22
LiveCodeBench,2868,medium,leetcode,342,392,19
LiveCodeBench,2869,medium,leetcode,465,524,28
LiveCodeBench,2870,easy,leetcode,334,384,19
LiveCodeBench,2872,medium,leetcode,333,383,19
LiveCodeBench,2873,medium,leetcode,233,284,20
LiveCodeBench,2876,easy,leetcode,294,350,25
LiveCodeBench,2877,medium,leetcode,353,408,25
LiveCodeBench,2878,medium,leetcode,286,339,22
LiveCodeBench,2879,hard,leetcode,498,549,21
LiveCodeBench,2881,easy,leetcode,381,436,25
LiveCodeBench,2882,medium,leetcode,283,336,22
LiveCodeBench,2883,medium,leetcode,342,391,19
LiveCodeBench,2884,hard,leetcode,328,381,23
LiveCodeBench,2886,easy,leetcode,354,401,17
LiveCodeBench,2887,medium,leetcode,327,376,19
LiveCodeBench,2888,medium,leetcode,637,685,18
LiveCodeBench,2891,medium,leetcode,377,430,22
LiveCodeBench,2892,easy,leetcode,564,613,18
LiveCodeBench,2893,medium,leetcode,355,408,22
LiveCodeBench,2902,easy,leetcode,228,277,18
LiveCodeBench,2915,medium,leetcode,603,662,28
LiveCodeBench,2916,medium,leetcode,508,562,23
LiveCodeBench,2917,easy,leetcode,573,626,22
LiveCodeBench,2919,hard,leetcode,462,513,20
LiveCodeBench,2920,medium,leetcode,438,487,18
LiveCodeBench,2921,hard,leetcode,295,348,23
LiveCodeBench,2952,hard,leetcode,427,487,29
LiveCodeBench,2953,medium,leetcode,312,366,23
LiveCodeBench,2954,medium,leetcode,465,522,26
LiveCodeBench,2955,easy,leetcode,277,328,20
LiveCodeBench,2977,easy,leetcode,351,404,23
LiveCodeBench,2979,medium,leetcode,398,453,24
LiveCodeBench,2998,easy,leetcode,205,260,24
LiveCodeBench,2999,easy,leetcode,239,293,24
LiveCodeBench,3000,medium,leetcode,361,415,23
LiveCodeBench,3017,hard,leetcode,393,451,27
LiveCodeBench,3018,medium,leetcode,395,450,25
LiveCodeBench,3019,easy,leetcode,284,334,20
LiveCodeBench,3024,hard,leetcode,361,417,26
LiveCodeBench,3025,hard,leetcode,481,534,22
LiveCodeBench,3031,medium,leetcode,525,578,22
LiveCodeBench,3032,hard,leetcode,533,587,23
LiveCodeBench,3033,medium,leetcode,390,447,27
LiveCodeBench,3034,easy,leetcode,239,289,19
LiveCodeBench,3044,easy,leetcode,325,377,22
LiveCodeBench,3045,easy,leetcode,235,285,20
LiveCodeBench,3046,medium,leetcode,311,358,17
LiveCodeBench,3047,hard,leetcode,591,640,18
LiveCodeBench,3055,easy,leetcode,201,250,19
LiveCodeBench,3080,medium,leetcode,404,454,19
LiveCodeBench,3081,medium,leetcode,546,597,21
LiveCodeBench,3091,hard,leetcode,473,533,29
LiveCodeBench,3093,easy,leetcode,326,383,26
LiveCodeBench,3094,medium,leetcode,330,379,18
LiveCodeBench,3104,medium,leetcode,305,355,19
LiveCodeBench,3106,medium,leetcode,349,406,26
LiveCodeBench,3114,medium,leetcode,504,558,23
LiveCodeBench,3141,medium,leetcode,385,440,24
LiveCodeBench,3150,medium,leetcode,416,469,22
LiveCodeBench,3151,medium,leetcode,573,629,25
LiveCodeBench,3153,hard,leetcode,454,507,22
LiveCodeBench,3154,easy,leetcode,335,386,20
LiveCodeBench,3163,easy,leetcode,351,400,18
LiveCodeBench,3164,easy,leetcode,478,530,21
LiveCodeBench,3166,medium,leetcode,478,530,21
LiveCodeBench,3171,medium,leetcode,276,332,25
LiveCodeBench,3172,easy,leetcode,450,504,23
LiveCodeBench,3174,medium,leetcode,315,362,17
LiveCodeBench,3176,easy,leetcode,382,431,18
LiveCodeBench,3183,easy,leetcode,474,528,23
LiveCodeBench,3184,hard,leetcode,495,548,22
LiveCodeBench,3188,easy,leetcode,373,423,20
LiveCodeBench,3190,medium,leetcode,621,677,25
LiveCodeBench,3192,medium,leetcode,395,453,27
LiveCodeBench,3193,easy,leetcode,427,479,21
LiveCodeBench,3194,easy,leetcode,235,289,24
LiveCodeBench,3195,medium,leetcode,294,341,17
LiveCodeBench,3196,hard,leetcode,353,407,23
LiveCodeBench,3199,easy,leetcode,258,312,23
LiveCodeBench,3200,medium,leetcode,299,347,17
LiveCodeBench,3203,hard,leetcode,883,940,27
LiveCodeBench,3206,easy,leetcode,312,370,27
LiveCodeBench,3207,easy,leetcode,260,319,29
LiveCodeBench,3209,medium,leetcode,412,461,18
LiveCodeBench,3210,medium,leetcode,498,550,22
LiveCodeBench,3211,hard,leetcode,375,425,19
LiveCodeBench,3212,hard,leetcode,304,355,20
LiveCodeBench,3213,medium,leetcode,220,274,23
LiveCodeBench,3219,medium,leetcode,529,587,27
LiveCodeBench,3220,easy,leetcode,549,602,22
LiveCodeBench,3221,easy,leetcode,272,323,20
LiveCodeBench,3223,hard,leetcode,264,318,23
LiveCodeBench,3224,hard,leetcode,965,1017,22
LiveCodeBench,3225,medium,leetcode,422,477,24
LiveCodeBench,3226,easy,leetcode,311,361,19
LiveCodeBench,3227,easy,leetcode,328,381,23
LiveCodeBench,3228,medium,leetcode,514,571,26
LiveCodeBench,3229,medium,leetcode,630,679,18
LiveCodeBench,3230,medium,leetcode,292,340,18
LiveCodeBench,3231,medium,leetcode,445,499,23
LiveCodeBench,3233,hard,leetcode,708,763,24
LiveCodeBench,3234,medium,leetcode,408,464,25
LiveCodeBench,3235,medium,leetcode,653,719,36
LiveCodeBench,3236,easy,leetcode,275,324,18
LiveCodeBench,3239,medium,leetcode,379,434,24
LiveCodeBench,3240,medium,leetcode,517,570,22
LiveCodeBench,3242,easy,leetcode,188,238,19
LiveCodeBench,3243,hard,leetcode,477,538,31
LiveCodeBench,3244,medium,leetcode,789,839,19
LiveCodeBench,3245,medium,leetcode,418,478,30
LiveCodeBench,3246,easy,leetcode,388,440,21
LiveCodeBench,3249,medium,leetcode,385,438,22
LiveCodeBench,3251,easy,leetcode,300,353,22
LiveCodeBench,3252,easy,leetcode,466,519,22
LiveCodeBench,3261,hard,leetcode,589,644,24
LiveCodeBench,3262,medium,leetcode,461,511,19
LiveCodeBench,3263,easy,leetcode,390,439,18
LiveCodeBench,3265,medium,leetcode,405,460,24
LiveCodeBench,3267,medium,leetcode,270,317,17
LiveCodeBench,3269,medium,leetcode,441,497,25
LiveCodeBench,3279,medium,leetcode,304,356,21
LiveCodeBench,3291,medium,leetcode,458,508,19
LiveCodeBench,3292,medium,leetcode,811,869,27
LiveCodeBench,3297,medium,leetcode,456,509,23
LiveCodeBench,3298,hard,leetcode,277,327,19
LiveCodeBench,3299,medium,leetcode,345,394,18
LiveCodeBench,3308,medium,leetcode,253,302,19
LiveCodeBench,3309,easy,leetcode,471,521,20
LiveCodeBench,3311,easy,leetcode,372,423,20
LiveCodeBench,3312,easy,leetcode,366,414,18
LiveCodeBench,3317,medium,leetcode,504,557,23
LiveCodeBench,3320,easy,leetcode,287,336,18
LiveCodeBench,3324,easy,leetcode,224,275,20
LiveCodeBench,3329,medium,leetcode,393,450,26
LiveCodeBench,3331,easy,leetcode,356,408,22
LiveCodeBench,3347,easy,leetcode,510,559,19
LiveCodeBench,abc301_a,easy,atcoder,312,334,0
LiveCodeBench,abc301_b,easy,atcoder,466,487,0
LiveCodeBench,abc301_c,medium,atcoder,361,383,0
LiveCodeBench,abc301_d,medium,atcoder,347,369,0
LiveCodeBench,abc301_e,hard,atcoder,730,752,0
LiveCodeBench,abc301_f,hard,atcoder,330,352,0
LiveCodeBench,abc302_a,easy,atcoder,186,208,0
LiveCodeBench,abc302_b,medium,atcoder,963,985,0
LiveCodeBench,abc302_c,medium,atcoder,337,359,0
LiveCodeBench,abc302_d,medium,atcoder,523,545,0
LiveCodeBench,abc302_e,hard,atcoder,607,628,0
LiveCodeBench,abc302_f,hard,atcoder,700,722,0
LiveCodeBench,abc303_a,easy,atcoder,404,426,0
LiveCodeBench,abc303_b,easy,atcoder,558,580,0
LiveCodeBench,abc303_c,medium,atcoder,811,832,0
LiveCodeBench,abc303_d,medium,atcoder,557,579,0
LiveCodeBench,abc303_e,hard,atcoder,563,585,0
LiveCodeBench,abc304_a,easy,atcoder,423,445,0
LiveCodeBench,abc304_b,easy,atcoder,392,414,0
LiveCodeBench,abc304_c,medium,atcoder,530,552,0
LiveCodeBench,abc304_d,medium,atcoder,753,774,0
LiveCodeBench,abc304_e,hard,atcoder,758,779,0
LiveCodeBench,abc305_a,easy,atcoder,295,316,0
LiveCodeBench,abc305_b,easy,atcoder,295,317,0
LiveCodeBench,abc305_c,medium,atcoder,602,624,0
LiveCodeBench,abc305_d,hard,atcoder,822,844,0
LiveCodeBench,abc305_e,hard,atcoder,757,779,0
LiveCodeBench,abc306_a,easy,atcoder,190,212,0
LiveCodeBench,abc306_b,easy,atcoder,439,461,0
LiveCodeBench,abc306_c,medium,atcoder,457,479,0
LiveCodeBench,abc306_d,medium,atcoder,884,905,0
LiveCodeBench,abc306_e,hard,atcoder,649,670,0
LiveCodeBench,abc307_a,easy,atcoder,402,424,0
LiveCodeBench,abc307_b,easy,atcoder,421,443,0
LiveCodeBench,abc307_c,medium,atcoder,1062,1084,0
LiveCodeBench,abc307_d,medium,atcoder,311,333,0
LiveCodeBench,abc307_e,hard,atcoder,311,332,0
LiveCodeBench,abc308_a,easy,atcoder,299,320,0
LiveCodeBench,abc308_b,easy,atcoder,391,413,0
LiveCodeBench,abc308_c,medium,atcoder,392,414,0
LiveCodeBench,abc308_d,medium,atcoder,601,623,0
LiveCodeBench,abc308_e,hard,atcoder,467,489,0
LiveCodeBench,abc308_f,hard,atcoder,421,443,0
LiveCodeBench,abc309_a,easy,atcoder,189,211,0
LiveCodeBench,abc309_b,easy,atcoder,557,579,0
LiveCodeBench,abc309_c,medium,atcoder,618,640,0
LiveCodeBench,abc309_d,medium,atcoder,689,711,0
LiveCodeBench,abc309_e,hard,atcoder,500,522,0
LiveCodeBench,abc310_a,easy,atcoder,319,340,0
LiveCodeBench,abc310_b,easy,atcoder,1000,1022,0
LiveCodeBench,abc310_c,medium,atcoder,439,460,0
LiveCodeBench,abc310_d,medium,atcoder,460,482,0
LiveCodeBench,abc310_e,hard,atcoder,822,844,0
LiveCodeBench,abc310_f,hard,atcoder,516,538,0
LiveCodeBench,abc311_a,easy,atcoder,278,300,0
LiveCodeBench,abc311_b,easy,atcoder,429,451,0
LiveCodeBench,abc311_c,medium,atcoder,607,628,0
LiveCodeBench,abc311_d,medium,atcoder,700,722,0
LiveCodeBench,abc311_e,hard,atcoder,646,668,0
LiveCodeBench,abc312_a,easy,atcoder,186,208,0
LiveCodeBench,abc312_b,easy,atcoder,770,791,0
LiveCodeBench,abc312_c,medium,atcoder,343,365,0
LiveCodeBench,abc312_d,medium,atcoder,285,306,0
LiveCodeBench,abc312_e,hard,atcoder,697,719,0
LiveCodeBench,abc312_f,hard,atcoder,525,547,0
LiveCodeBench,abc313_a,easy,atcoder,259,281,0
LiveCodeBench,abc313_b,medium,atcoder,607,629,0
LiveCodeBench,abc313_c,medium,atcoder,365,387,0
LiveCodeBench,abc314_a,easy,atcoder,283,305,0
LiveCodeBench,abc314_b,easy,atcoder,712,733,0
LiveCodeBench,abc314_c,medium,atcoder,610,632,0
LiveCodeBench,abc314_d,medium,atcoder,653,675,0
LiveCodeBench,abc314_e,hard,atcoder,1369,1391,0
LiveCodeBench,abc314_f,hard,atcoder,1214,1236,0
LiveCodeBench,abc315_a,easy,atcoder,189,211,0
LiveCodeBench,abc315_b,easy,atcoder,458,480,0
LiveCodeBench,abc315_c,medium,atcoder,448,469,0
LiveCodeBench,abc315_d,medium,atcoder,512,534,0
LiveCodeBench,abc315_e,hard,atcoder,625,647,0
LiveCodeBench,abc315_f,hard,atcoder,557,579,0
LiveCodeBench,abc318_a,easy,atcoder,286,308,0
LiveCodeBench,abc318_b,easy,atcoder,397,419,0
LiveCodeBench,abc318_c,medium,atcoder,501,522,0
LiveCodeBench,abc318_d,medium,atcoder,538,560,0
LiveCodeBench,abc318_e,hard,atcoder,319,341,0
LiveCodeBench,abc319_b,easy,atcoder,389,411,0
LiveCodeBench,abc319_c,medium,atcoder,927,949,0
LiveCodeBench,abc319_d,medium,atcoder,621,643,0
LiveCodeBench,abc319_e,hard,atcoder,815,836,0
LiveCodeBench,abc320_a,easy,atcoder,160,182,0
LiveCodeBench,abc320_b,easy,atcoder,184,206,0
LiveCodeBench,abc320_c,medium,atcoder,634,655,0
LiveCodeBench,abc320_d,medium,atcoder,513,534,0
LiveCodeBench,abc320_e,hard,atcoder,783,805,0
LiveCodeBench,abc321_a,easy,atcoder,381,403,0
LiveCodeBench,abc321_b,easy,atcoder,645,667,0
LiveCodeBench,abc321_c,medium,atcoder,314,336,0
LiveCodeBench,abc321_d,medium,atcoder,562,584,0
LiveCodeBench,abc321_e,hard,atcoder,650,672,0
LiveCodeBench,abc322_a,easy,atcoder,275,297,0
LiveCodeBench,abc322_b,easy,atcoder,364,385,0
LiveCodeBench,abc322_c,medium,atcoder,447,469,0
LiveCodeBench,abc322_d,medium,atcoder,1104,1126,0
LiveCodeBench,abc322_e,hard,atcoder,572,593,0
LiveCodeBench,abc323_a,easy,atcoder,249,270,0
LiveCodeBench,abc323_b,easy,atcoder,423,444,0
LiveCodeBench,abc323_c,medium,atcoder,700,722,0
LiveCodeBench,abc323_d,hard,atcoder,491,513,0
LiveCodeBench,abc323_e,hard,atcoder,580,602,0
LiveCodeBench,abc324_a,easy,atcoder,268,290,0
LiveCodeBench,abc324_b,easy,atcoder,254,276,0
LiveCodeBench,abc324_c,medium,atcoder,740,762,0
LiveCodeBench,abc324_d,hard,atcoder,512,534,0
LiveCodeBench,abc324_e,hard,atcoder,490,512,0
LiveCodeBench,abc324_f,hard,atcoder,759,781,0
LiveCodeBench,abc325_a,easy,atcoder,253,275,0
LiveCodeBench,abc325_b,medium,atcoder,454,476,0
LiveCodeBench,abc325_c,medium,atcoder,545,567,0
LiveCodeBench,abc325_d,hard,atcoder,511,533,0
LiveCodeBench,abc325_e,hard,atcoder,630,652,0
LiveCodeBench,abc325_f,hard,atcoder,596,617,0
LiveCodeBench,abc326_a,easy,atcoder,218,240,0
LiveCodeBench,abc326_b,easy,atcoder,196,218,0
LiveCodeBench,abc326_c,medium,atcoder,372,394,0
LiveCodeBench,abc326_d,hard,atcoder,631,652,0
LiveCodeBench,abc326_e,hard,atcoder,555,577,0
LiveCodeBench,abc327_a,easy,atcoder,223,245,0
LiveCodeBench,abc327_b,easy,atcoder,189,211,0
LiveCodeBench,abc327_c,medium,atcoder,929,950,0
LiveCodeBench,abc327_d,medium,atcoder,538,560,0
LiveCodeBench,abc327_e,hard,atcoder,451,472,0
LiveCodeBench,abc328_a,easy,atcoder,275,297,0
LiveCodeBench,abc328_b,easy,atcoder,437,459,0
LiveCodeBench,abc328_c,medium,atcoder,644,665,0
LiveCodeBench,abc328_d,hard,atcoder,346,368,0
LiveCodeBench,abc328_e,hard,atcoder,816,837,0
LiveCodeBench,abc329_a,easy,atcoder,174,196,0
LiveCodeBench,abc329_b,easy,atcoder,265,287,0
LiveCodeBench,abc329_c,medium,atcoder,288,310,0
LiveCodeBench,abc329_d,medium,atcoder,633,655,0
LiveCodeBench,abc329_e,hard,atcoder,359,381,0
LiveCodeBench,abc329_f,hard,atcoder,563,585,0
LiveCodeBench,abc330_a,easy,atcoder,324,346,0
LiveCodeBench,abc330_b,easy,atcoder,340,362,0
LiveCodeBench,abc330_c,medium,atcoder,185,207,0
LiveCodeBench,abc330_d,medium,atcoder,520,542,0
LiveCodeBench,abc330_e,hard,atcoder,597,618,0
LiveCodeBench,abc331_a,easy,atcoder,371,393,0
LiveCodeBench,abc331_b,easy,atcoder,230,251,0
LiveCodeBench,abc331_c,medium,atcoder,583,605,0
LiveCodeBench,abc331_d,hard,atcoder,739,761,0
LiveCodeBench,abc331_e,hard,atcoder,714,736,0
LiveCodeBench,abc332_a,easy,atcoder,523,544,0
LiveCodeBench,abc332_b,easy,atcoder,504,526,0
LiveCodeBench,abc332_c,medium,atcoder,693,714,0
LiveCodeBench,abc332_d,hard,atcoder,1195,1217,0
LiveCodeBench,abc333_a,easy,atcoder,115,137,0
LiveCodeBench,abc333_b,easy,atcoder,286,308,0
LiveCodeBench,abc333_c,medium,atcoder,209,231,0
LiveCodeBench,abc333_d,medium,atcoder,534,556,0
LiveCodeBench,abc333_e,hard,atcoder,1022,1044,0
LiveCodeBench,abc334_a,easy,atcoder,197,218,0
LiveCodeBench,abc334_b,medium,atcoder,424,446,0
LiveCodeBench,abc334_c,medium,atcoder,491,513,0
LiveCodeBench,abc334_d,medium,atcoder,440,462,0
LiveCodeBench,abc334_e,hard,atcoder,671,693,0
LiveCodeBench,abc335_a,easy,atcoder,203,225,0
LiveCodeBench,abc335_b,easy,atcoder,547,569,0
LiveCodeBench,abc335_c,medium,atcoder,448,469,0
LiveCodeBench,abc335_d,medium,atcoder,603,625,0
LiveCodeBench,abc336_a,easy,atcoder,167,189,0
LiveCodeBench,abc336_b,easy,atcoder,233,255,0
LiveCodeBench,abc336_c,medium,atcoder,228,250,0
LiveCodeBench,abc336_d,medium,atcoder,485,507,0
LiveCodeBench,abc337_a,easy,atcoder,395,416,0
LiveCodeBench,abc337_b,easy,atcoder,467,489,0
LiveCodeBench,abc337_c,medium,atcoder,667,689,0
LiveCodeBench,abc337_d,medium,atcoder,700,722,0
LiveCodeBench,abc337_e,hard,atcoder,960,981,0
LiveCodeBench,abc338_a,easy,atcoder,232,254,0
LiveCodeBench,abc338_b,easy,atcoder,230,252,0
LiveCodeBench,abc338_c,medium,atcoder,683,705,0
LiveCodeBench,abc338_d,hard,atcoder,852,874,0
LiveCodeBench,abc338_e,hard,atcoder,352,374,0
LiveCodeBench,abc338_f,hard,atcoder,628,650,0
LiveCodeBench,abc339_a,easy,atcoder,200,221,0
LiveCodeBench,abc339_b,medium,atcoder,457,478,0
LiveCodeBench,abc339_c,medium,atcoder,326,348,0
LiveCodeBench,abc339_d,medium,atcoder,575,597,0
LiveCodeBench,abc340_a,easy,atcoder,232,253,0
LiveCodeBench,abc340_b,easy,atcoder,403,424,0
LiveCodeBench,abc340_c,medium,atcoder,556,578,0
LiveCodeBench,abc340_d,hard,atcoder,533,555,0
LiveCodeBench,abc340_e,hard,atcoder,417,439,0
LiveCodeBench,abc341_a,easy,atcoder,138,160,0
LiveCodeBench,abc341_b,easy,atcoder,658,680,0
LiveCodeBench,abc341_c,medium,atcoder,894,916,0
LiveCodeBench,abc341_d,medium,atcoder,292,314,0
LiveCodeBench,abc341_e,hard,atcoder,702,723,0
LiveCodeBench,abc341_f,hard,atcoder,910,932,0
LiveCodeBench,abc342_a,easy,atcoder,169,191,0
LiveCodeBench,abc342_b,easy,atcoder,466,488,0
LiveCodeBench,abc342_c,medium,atcoder,492,514,0
LiveCodeBench,abc342_d,medium,atcoder,299,321,0
LiveCodeBench,abc342_e,hard,atcoder,1521,1543,0
LiveCodeBench,abc343_a,easy,atcoder,226,248,0
LiveCodeBench,abc343_b,easy,atcoder,527,549,0
LiveCodeBench,abc343_c,medium,atcoder,300,322,0
LiveCodeBench,abc343_d,medium,atcoder,733,755,0
LiveCodeBench,abc343_e,hard,atcoder,1082,1103,0
LiveCodeBench,abc344_d,hard,atcoder,556,578,0
LiveCodeBench,abc344_a,easy,atcoder,175,197,0
LiveCodeBench,abc344_c,medium,atcoder,445,466,0
LiveCodeBench,abc344_b,easy,atcoder,306,328,0
LiveCodeBench,abc344_e,hard,atcoder,634,656,0
LiveCodeBench,abc345_d,hard,atcoder,460,481,0
LiveCodeBench,abc345_b,easy,atcoder,349,371,0
LiveCodeBench,abc346_d,medium,atcoder,445,467,0
LiveCodeBench,abc346_b,easy,atcoder,327,349,0
LiveCodeBench,abc346_e,hard,atcoder,747,769,0
LiveCodeBench,abc346_a,easy,atcoder,254,276,0
LiveCodeBench,abc346_c,medium,atcoder,306,328,0
LiveCodeBench,abc347_c,medium,atcoder,393,415,0
LiveCodeBench,abc347_a,easy,atcoder,298,320,0
LiveCodeBench,abc347_e,hard,atcoder,539,561,0
LiveCodeBench,abc347_b,easy,atcoder,167,189,0
LiveCodeBench,abc348_c,medium,atcoder,408,430,0
LiveCodeBench,abc348_b,easy,atcoder,441,463,0
LiveCodeBench,abc348_a,easy,atcoder,192,214,0
LiveCodeBench,abc348_d,hard,atcoder,787,809,0
LiveCodeBench,abc348_e,hard,atcoder,524,546,0
LiveCodeBench,abc349_c,medium,atcoder,309,331,0
LiveCodeBench,abc349_a,easy,atcoder,514,536,0
LiveCodeBench,abc349_b,easy,atcoder,268,290,0
LiveCodeBench,abc349_d,hard,atcoder,810,832,0
LiveCodeBench,abc349_e,hard,atcoder,642,664,0
LiveCodeBench,abc350_a,easy,atcoder,289,310,0
LiveCodeBench,abc350_e,hard,atcoder,634,656,0
LiveCodeBench,abc350_b,easy,atcoder,485,507,0
LiveCodeBench,abc350_c,medium,atcoder,456,478,0
LiveCodeBench,abc350_d,medium,atcoder,450,472,0
LiveCodeBench,abc351_a,easy,atcoder,602,624,0
LiveCodeBench,abc351_b,easy,atcoder,634,656,0
LiveCodeBench,abc351_e,hard,atcoder,680,702,0
LiveCodeBench,abc351_f,hard,atcoder,347,369,0
LiveCodeBench,abc351_c,medium,atcoder,828,849,0
LiveCodeBench,abc351_d,hard,atcoder,673,694,0
LiveCodeBench,abc352_e,hard,atcoder,683,705,0
LiveCodeBench,abc352_a,easy,atcoder,337,359,0
LiveCodeBench,abc352_c,medium,atcoder,622,644,0
LiveCodeBench,abc352_b,easy,atcoder,492,513,0
LiveCodeBench,abc352_d,hard,atcoder,553,575,0
LiveCodeBench,abc353_c,medium,atcoder,318,340,0
LiveCodeBench,abc353_b,easy,atcoder,674,696,0
LiveCodeBench,abc353_a,easy,atcoder,292,313,0
LiveCodeBench,abc353_e,hard,atcoder,325,347,0
LiveCodeBench,abc353_d,medium,atcoder,378,399,0
LiveCodeBench,abc354_b,easy,atcoder,632,654,0
LiveCodeBench,abc354_a,easy,atcoder,400,422,0
LiveCodeBench,abc354_e,hard,atcoder,447,469,0
LiveCodeBench,abc354_c,medium,atcoder,495,517,0
LiveCodeBench,abc354_d,hard,atcoder,432,453,0
LiveCodeBench,abc355_e,hard,atcoder,907,928,0
LiveCodeBench,abc355_b,easy,atcoder,353,375,0
LiveCodeBench,abc355_c,medium,atcoder,435,457,0
LiveCodeBench,abc355_a,easy,atcoder,265,287,0
LiveCodeBench,abc355_d,medium,atcoder,287,309,0
LiveCodeBench,3334,easy,leetcode,255,308,23
LiveCodeBench,3351,medium,leetcode,464,519,24
LiveCodeBench,3356,medium,leetcode,351,401,20
LiveCodeBench,3313,hard,leetcode,493,545,22
LiveCodeBench,3353,easy,leetcode,184,232,18
LiveCodeBench,3337,medium,leetcode,154,206,22
LiveCodeBench,3360,medium,leetcode,339,392,23
LiveCodeBench,3327,hard,leetcode,872,930,27
LiveCodeBench,3349,easy,leetcode,130,178,18
LiveCodeBench,3328,medium,leetcode,259,307,17
LiveCodeBench,3363,medium,leetcode,520,576,26
LiveCodeBench,3376,hard,leetcode,686,742,26
LiveCodeBench,3371,easy,leetcode,165,220,24
LiveCodeBench,3374,medium,leetcode,157,208,21
LiveCodeBench,3344,hard,leetcode,390,440,19
LiveCodeBench,3372,easy,leetcode,302,355,22
LiveCodeBench,3346,medium,leetcode,331,384,23
LiveCodeBench,3387,medium,leetcode,308,365,26
LiveCodeBench,3361,easy,leetcode,274,322,18
LiveCodeBench,3373,medium,leetcode,184,233,19
LiveCodeBench,3375,hard,leetcode,352,407,25
LiveCodeBench,3364,hard,leetcode,577,633,25
LiveCodeBench,3367,easy,leetcode,182,234,21
LiveCodeBench,3306,medium,leetcode,569,627,27
LiveCodeBench,3354,medium,leetcode,440,487,17
LiveCodeBench,3345,hard,leetcode,512,566,23
LiveCodeBench,3381,easy,leetcode,229,284,24
LiveCodeBench,3355,medium,leetcode,633,681,18
LiveCodeBench,3316,hard,leetcode,359,414,24
LiveCodeBench,3379,easy,leetcode,236,283,17
LiveCodeBench,3382,hard,leetcode,634,684,19
LiveCodeBench,3408,easy,leetcode,147,195,18
LiveCodeBench,3397,easy,leetcode,275,330,25
LiveCodeBench,3394,medium,leetcode,169,221,21
LiveCodeBench,3362,hard,leetcode,452,505,22
LiveCodeBench,3396,easy,leetcode,229,275,16
LiveCodeBench,3384,medium,leetcode,332,388,26
LiveCodeBench,3395,medium,leetcode,157,206,19
LiveCodeBench,3402,hard,leetcode,644,707,32
LiveCodeBench,3398,easy,leetcode,293,343,20
LiveCodeBench,3388,medium,leetcode,354,405,20
LiveCodeBench,3406,medium,leetcode,481,539,27
LiveCodeBench,3412,easy,leetcode,354,407,23
LiveCodeBench,3383,medium,leetcode,285,338,22
LiveCodeBench,3429,easy,leetcode,187,236,18
LiveCodeBench,3416,medium,leetcode,239,289,20
LiveCodeBench,3414,hard,leetcode,548,599,20
LiveCodeBench,3446,easy,leetcode,245,305,29
LiveCodeBench,3451,medium,leetcode,283,330,17
LiveCodeBench,3423,hard,leetcode,388,445,26
LiveCodeBench,3403,medium,leetcode,260,310,20
LiveCodeBench,3411,hard,leetcode,411,464,22
LiveCodeBench,3428,easy,leetcode,181,231,20
LiveCodeBench,3420,medium,leetcode,309,369,29
LiveCodeBench,abc356_a,easy,atcoder,313,334,0
LiveCodeBench,abc356_d,medium,atcoder,551,572,0
LiveCodeBench,abc356_e,hard,atcoder,430,452,0
LiveCodeBench,abc356_c,medium,atcoder,794,816,0
LiveCodeBench,abc356_b,easy,atcoder,363,384,0
LiveCodeBench,abc357_c,medium,atcoder,380,401,0
LiveCodeBench,abc357_a,easy,atcoder,416,437,0
LiveCodeBench,abc357_d,medium,atcoder,247,268,0
LiveCodeBench,abc357_b,easy,atcoder,235,257,0
LiveCodeBench,abc357_e,hard,atcoder,438,460,0
LiveCodeBench,abc358_e,hard,atcoder,477,499,0
LiveCodeBench,abc358_c,medium,atcoder,476,498,0
LiveCodeBench,abc358_b,easy,atcoder,675,697,0
LiveCodeBench,abc358_d,medium,atcoder,477,499,0
LiveCodeBench,abc358_a,easy,atcoder,199,220,0
LiveCodeBench,abc359_c,medium,atcoder,609,630,0
LiveCodeBench,abc359_b,easy,atcoder,312,334,0
LiveCodeBench,abc359_e,hard,atcoder,640,662,0
LiveCodeBench,abc359_a,easy,atcoder,314,336,0
LiveCodeBench,abc359_d,hard,atcoder,435,457,0
LiveCodeBench,abc360_c,medium,atcoder,432,454,0
LiveCodeBench,abc360_b,easy,atcoder,342,364,0
LiveCodeBench,abc360_e,hard,atcoder,400,422,0
LiveCodeBench,abc360_a,easy,atcoder,254,275,0
LiveCodeBench,abc360_d,medium,atcoder,591,613,0
LiveCodeBench,abc361_d,hard,atcoder,486,508,0
LiveCodeBench,abc361_b,medium,atcoder,418,440,0
LiveCodeBench,abc361_a,easy,atcoder,286,308,0
LiveCodeBench,abc361_f,hard,atcoder,172,194,0
LiveCodeBench,abc361_c,medium,atcoder,319,341,0
LiveCodeBench,abc361_e,hard,atcoder,401,422,0
LiveCodeBench,abc362_d,hard,atcoder,757,778,0
LiveCodeBench,abc362_e,hard,atcoder,404,426,0
LiveCodeBench,abc362_c,medium,atcoder,432,454,0
LiveCodeBench,abc362_a,easy,atcoder,281,303,0
LiveCodeBench,abc362_b,easy,atcoder,247,268,0
LiveCodeBench,abc363_a,easy,atcoder,356,378,0
LiveCodeBench,abc363_f,hard,atcoder,274,296,0
LiveCodeBench,abc363_b,easy,atcoder,432,454,0
LiveCodeBench,abc363_c,medium,atcoder,374,396,0
LiveCodeBench,abc363_d,medium,atcoder,169,191,0
LiveCodeBench,abc363_e,hard,atcoder,789,811,0
LiveCodeBench,abc364_b,easy,atcoder,882,904,0
LiveCodeBench,abc364_e,hard,atcoder,547,569,0
LiveCodeBench,abc364_f,hard,atcoder,544,566,0
LiveCodeBench,abc364_d,hard,atcoder,535,557,0
LiveCodeBench,abc364_c,medium,atcoder,434,456,0
LiveCodeBench,abc364_a,easy,atcoder,274,295,0
LiveCodeBench,abc365_b,easy,atcoder,222,244,0
LiveCodeBench,abc365_a,easy,atcoder,312,333,0
LiveCodeBench,abc365_e,hard,atcoder,466,488,0
LiveCodeBench,abc365_d,medium,atcoder,424,446,0
LiveCodeBench,abc365_c,medium,atcoder,491,513,0
LiveCodeBench,3426,easy,leetcode,428,476,18
LiveCodeBench,3430,medium,leetcode,263,317,23
LiveCodeBench,3436,hard,leetcode,309,362,22
LiveCodeBench,3450,easy,leetcode,448,500,21
LiveCodeBench,3422,medium,leetcode,336,390,23
LiveCodeBench,3442,medium,leetcode,262,313,20
LiveCodeBench,3421,easy,leetcode,213,264,20
LiveCodeBench,3437,medium,leetcode,245,295,19
LiveCodeBench,3438,hard,leetcode,467,525,27
LiveCodeBench,3471,easy,leetcode,432,481,18
LiveCodeBench,3461,medium,leetcode,201,250,19
LiveCodeBench,3464,medium,leetcode,528,578,19
LiveCodeBench,3469,easy,leetcode,229,282,22
LiveCodeBench,3490,medium,leetcode,266,315,18
LiveCodeBench,3439,hard,leetcode,446,506,30
LiveCodeBench,3468,easy,leetcode,224,277,23
LiveCodeBench,3453,medium,leetcode,140,189,18
LiveCodeBench,3492,medium,leetcode,192,243,21
LiveCodeBench,3482,hard,leetcode,371,429,27
LiveCodeBench,3484,easy,leetcode,189,238,19
LiveCodeBench,3494,medium,leetcode,515,579,33
LiveCodeBench,3508,easy,leetcode,214,266,21
LiveCodeBench,3462,medium,leetcode,329,377,18
LiveCodeBench,3493,medium,leetcode,262,309,17
LiveCodeBench,3454,hard,leetcode,334,388,23
LiveCodeBench,3515,easy,leetcode,224,274,19
LiveCodeBench,3507,medium,leetcode,203,256,22
LiveCodeBench,3479,medium,leetcode,316,364,18
LiveCodeBench,3478,hard,leetcode,386,447,30
LiveCodeBench,3517,medium,leetcode,437,493,26
LiveCodeBench,3527,hard,leetcode,479,537,27
LiveCodeBench,3533,easy,leetcode,329,383,24
LiveCodeBench,3535,hard,leetcode,307,357,19
LiveCodeBench,3447,easy,leetcode,155,202,17
LiveCodeBench,3413,medium,leetcode,600,654,24
LiveCodeBench,3456,medium,leetcode,201,253,22
LiveCodeBench,3476,easy,leetcode,144,193,18
LiveCodeBench,3475,medium,leetcode,283,332,18
LiveCodeBench,3460,hard,leetcode,501,555,24
LiveCodeBench,3463,easy,leetcode,190,241,20
LiveCodeBench,3264,medium,leetcode,543,600,26
LiveCodeBench,3466,hard,leetcode,205,259,23
LiveCodeBench,3511,easy,leetcode,224,276,21
LiveCodeBench,3455,medium,leetcode,254,301,17
LiveCodeBench,3498,medium,leetcode,369,422,22
LiveCodeBench,3519,easy,leetcode,340,395,24
LiveCodeBench,3526,medium,leetcode,242,293,20
LiveCodeBench,3532,hard,leetcode,471,521,20
LiveCodeBench,abc366_f,hard,atcoder,469,491,0
LiveCodeBench,abc366_b,easy,atcoder,457,479,0
LiveCodeBench,abc366_e,hard,atcoder,353,375,0
LiveCodeBench,abc366_d,medium,atcoder,1074,1096,0
LiveCodeBench,abc366_a,easy,atcoder,281,303,0
LiveCodeBench,abc366_c,medium,atcoder,592,614,0
LiveCodeBench,abc366_g,hard,atcoder,642,664,0
LiveCodeBench,abc367_e,hard,atcoder,484,506,0
LiveCodeBench,abc367_f,hard,atcoder,624,646,0
LiveCodeBench,abc367_a,easy,atcoder,344,366,0
LiveCodeBench,abc367_g,hard,atcoder,687,709,0
LiveCodeBench,abc367_b,easy,atcoder,224,245,0
LiveCodeBench,abc367_d,medium,atcoder,659,681,0
LiveCodeBench,abc367_c,medium,atcoder,661,683,0
LiveCodeBench,abc368_g,hard,atcoder,643,665,0
LiveCodeBench,abc368_a,easy,atcoder,319,340,0
LiveCodeBench,abc368_b,easy,atcoder,295,317,0
LiveCodeBench,abc368_f,hard,atcoder,347,369,0
LiveCodeBench,abc368_c,medium,atcoder,512,533,0
LiveCodeBench,abc368_d,hard,atcoder,361,383,0
LiveCodeBench,abc368_e,hard,atcoder,806,828,0
LiveCodeBench,abc369_d,medium,atcoder,569,590,0
LiveCodeBench,abc369_g,hard,atcoder,784,805,0
LiveCodeBench,abc369_c,medium,atcoder,441,463,0
LiveCodeBench,abc369_a,easy,atcoder,320,341,0
LiveCodeBench,abc369_b,easy,atcoder,515,537,0
LiveCodeBench,abc369_e,hard,atcoder,948,969,0
LiveCodeBench,abc370_a,easy,atcoder,291,312,0
LiveCodeBench,abc370_g,hard,atcoder,256,278,0
LiveCodeBench,abc370_c,medium,atcoder,638,660,0
LiveCodeBench,abc370_d,medium,atcoder,893,915,0
LiveCodeBench,abc370_e,hard,atcoder,509,531,0
LiveCodeBench,abc370_b,easy,atcoder,424,446,0
LiveCodeBench,abc370_f,hard,atcoder,671,693,0
LiveCodeBench,abc371_b,easy,atcoder,437,459,0
LiveCodeBench,abc371_d,medium,atcoder,485,507,0
LiveCodeBench,abc371_g,hard,atcoder,857,879,0
LiveCodeBench,abc371_f,hard,atcoder,817,839,0
LiveCodeBench,abc371_c,medium,atcoder,1401,1423,0
LiveCodeBench,abc371_e,hard,atcoder,309,331,0
LiveCodeBench,abc371_a,easy,atcoder,336,358,0
LiveCodeBench,abc372_e,hard,atcoder,859,881,0
LiveCodeBench,abc372_c,medium,atcoder,519,541,0
LiveCodeBench,abc372_d,medium,atcoder,421,443,0
LiveCodeBench,abc372_g,hard,atcoder,677,699,0
LiveCodeBench,abc372_f,hard,atcoder,685,707,0
LiveCodeBench,abc372_a,easy,atcoder,160,181,0
LiveCodeBench,abc373_a,easy,atcoder,318,339,0
LiveCodeBench,abc373_b,easy,atcoder,318,340,0
LiveCodeBench,abc373_f,hard,atcoder,408,430,0
LiveCodeBench,abc373_g,hard,atcoder,669,691,0
LiveCodeBench,abc373_c,medium,atcoder,294,316,0
LiveCodeBench,abc373_e,hard,atcoder,611,633,0
LiveCodeBench,arc181_d,hard,atcoder,656,678,0
LiveCodeBench,arc181_c,hard,atcoder,854,876,0
LiveCodeBench,arc181_b,hard,atcoder,566,587,0
LiveCodeBench,arc181_a,medium,atcoder,641,662,0
LiveCodeBench,arc182_d,hard,atcoder,743,765,0
LiveCodeBench,arc182_e,hard,atcoder,524,546,0
LiveCodeBench,arc182_a,hard,atcoder,1104,1125,0
LiveCodeBench,arc182_c,hard,atcoder,439,460,0
LiveCodeBench,arc183_b,hard,atcoder,528,549,0
LiveCodeBench,arc183_c,hard,atcoder,446,468,0
LiveCodeBench,arc183_a,medium,atcoder,565,587,0
LiveCodeBench,arc183_d,hard,atcoder,845,867,0
LiveCodeBench,3026,medium,leetcode,354,407,22
LiveCodeBench,3543,easy,leetcode,238,292,24
LiveCodeBench,3525,medium,leetcode,310,369,28
LiveCodeBench,3552,hard,leetcode,187,239,21
LiveCodeBench,3555,easy,leetcode,336,395,28
LiveCodeBench,3534,medium,leetcode,268,317,18
LiveCodeBench,3553,easy,leetcode,207,262,25
LiveCodeBench,3495,medium,leetcode,427,482,24
LiveCodeBench,3563,hard,leetcode,206,256,19
LiveCodeBench,3551,hard,leetcode,612,671,28
LiveCodeBench,3567,easy,leetcode,248,297,19
LiveCodeBench,3485,medium,leetcode,303,357,23
LiveCodeBench,3528,medium,leetcode,206,256,19
LiveCodeBench,3560,hard,leetcode,684,742,28
LiveCodeBench,3518,medium,leetcode,346,400,23
LiveCodeBench,3559,medium,leetcode,321,374,23
LiveCodeBench,3522,medium,leetcode,329,383,23
LiveCodeBench,3550,hard,leetcode,366,417,20
LiveCodeBench,3568,easy,leetcode,339,398,28
LiveCodeBench,3540,medium,leetcode,367,418,21
LiveCodeBench,3548,hard,leetcode,275,329,23
LiveCodeBench,3531,hard,leetcode,551,609,27
LiveCodeBench,3558,medium,leetcode,409,463,24
LiveCodeBench,3575,hard,leetcode,239,291,21
LiveCodeBench,3571,hard,leetcode,356,411,24
LiveCodeBench,3541,medium,leetcode,201,256,25
LiveCodeBench,3496,medium,leetcode,613,669,25
LiveCodeBench,3573,medium,leetcode,203,257,24
LiveCodeBench,3600,easy,leetcode,236,285,18
LiveCodeBench,3570,medium,leetcode,245,299,23
LiveCodeBench,3579,medium,leetcode,185,235,19
LiveCodeBench,3583,hard,leetcode,410,465,24
LiveCodeBench,3606,easy,leetcode,192,241,18
LiveCodeBench,3510,medium,leetcode,242,293,20
LiveCodeBench,3584,medium,leetcode,388,442,24
LiveCodeBench,3580,hard,leetcode,281,333,22
LiveCodeBench,abc374_c,medium,atcoder,477,498,0
LiveCodeBench,abc374_f,hard,atcoder,590,612,0
LiveCodeBench,abc374_b,easy,atcoder,428,449,0
LiveCodeBench,abc374_d,medium,atcoder,945,967,0
LiveCodeBench,abc374_g,hard,atcoder,460,481,0
LiveCodeBench,abc374_a,easy,atcoder,173,194,0
LiveCodeBench,abc374_e,hard,atcoder,649,671,0
LiveCodeBench,abc375_e,hard,atcoder,500,522,0
LiveCodeBench,abc375_b,easy,atcoder,534,556,0
LiveCodeBench,abc375_c,medium,atcoder,824,845,0
LiveCodeBench,abc375_a,easy,atcoder,244,266,0
LiveCodeBench,abc375_d,medium,atcoder,258,280,0
LiveCodeBench,abc375_g,hard,atcoder,641,662,0
LiveCodeBench,abc375_f,hard,atcoder,651,673,0
LiveCodeBench,abc376_b,medium,atcoder,807,829,0
LiveCodeBench,abc376_d,medium,atcoder,429,451,0
LiveCodeBench,abc376_g,hard,atcoder,650,672,0
LiveCodeBench,abc376_a,easy,atcoder,491,513,0
LiveCodeBench,abc376_f,hard,atcoder,691,713,0
LiveCodeBench,abc376_c,medium,atcoder,642,664,0
LiveCodeBench,abc376_e,hard,atcoder,473,494,0
LiveCodeBench,abc377_c,medium,atcoder,680,702,0
LiveCodeBench,abc377_b,easy,atcoder,527,549,0
LiveCodeBench,abc377_a,easy,atcoder,184,206,0
LiveCodeBench,abc377_g,hard,atcoder,445,467,0
LiveCodeBench,abc377_f,hard,atcoder,689,711,0
LiveCodeBench,abc377_e,hard,atcoder,526,548,0
LiveCodeBench,abc377_d,medium,atcoder,376,398,0
LiveCodeBench,abc378_e,hard,atcoder,413,435,0
LiveCodeBench,abc378_d,hard,atcoder,567,589,0
LiveCodeBench,abc378_b,easy,atcoder,438,459,0
LiveCodeBench,abc378_f,hard,atcoder,371,393,0
LiveCodeBench,abc378_g,hard,atcoder,390,411,0
LiveCodeBench,abc378_a,easy,atcoder,254,275,0
LiveCodeBench,abc378_c,medium,atcoder,454,476,0
LiveCodeBench,abc379_b,easy,atcoder,313,335,0
LiveCodeBench,abc379_e,hard,atcoder,284,306,0
LiveCodeBench,abc379_c,medium,atcoder,467,488,0
LiveCodeBench,abc379_d,medium,atcoder,585,607,0
LiveCodeBench,abc379_g,hard,atcoder,413,435,0
LiveCodeBench,abc379_f,hard,atcoder,638,660,0
LiveCodeBench,abc379_a,easy,atcoder,247,268,0
LiveCodeBench,abc380_e,hard,atcoder,367,388,0
LiveCodeBench,abc380_f,hard,atcoder,676,698,0
LiveCodeBench,abc380_c,medium,atcoder,579,601,0
LiveCodeBench,abc380_d,medium,atcoder,499,521,0
LiveCodeBench,abc380_a,easy,atcoder,217,239,0
LiveCodeBench,abc380_g,hard,atcoder,596,618,0
LiveCodeBench,abc380_b,easy,atcoder,300,322,0
LiveCodeBench,abc381_a,easy,atcoder,401,423,0
LiveCodeBench,abc381_e,hard,atcoder,600,621,0
LiveCodeBench,abc381_b,easy,atcoder,305,326,0
LiveCodeBench,abc381_c,medium,atcoder,447,469,0
LiveCodeBench,abc381_d,hard,atcoder,460,481,0
LiveCodeBench,abc382_d,hard,atcoder,536,557,0
LiveCodeBench,abc382_a,easy,atcoder,446,468,0
LiveCodeBench,abc382_b,easy,atcoder,488,510,0
LiveCodeBench,abc382_f,hard,atcoder,1276,1298,0
LiveCodeBench,abc382_g,hard,atcoder,627,648,0
LiveCodeBench,abc382_c,medium,atcoder,651,673,0
LiveCodeBench,abc383_c,medium,atcoder,465,486,0
LiveCodeBench,abc383_a,easy,atcoder,545,567,0
LiveCodeBench,abc383_e,hard,atcoder,796,818,0
LiveCodeBench,abc383_b,medium,atcoder,597,619,0
LiveCodeBench,abc383_d,medium,atcoder,114,136,0
LiveCodeBench,abc384_b,easy,atcoder,738,760,0
LiveCodeBench,abc384_d,medium,atcoder,549,571,0
LiveCodeBench,abc384_g,hard,atcoder,583,605,0
LiveCodeBench,abc384_a,easy,atcoder,249,271,0
LiveCodeBench,abc384_e,hard,atcoder,896,918,0
LiveCodeBench,abc384_f,hard,atcoder,324,346,0
LiveCodeBench,abc384_c,medium,atcoder,850,872,0
LiveCodeBench,abc385_f,hard,atcoder,480,502,0
LiveCodeBench,abc385_a,easy,atcoder,226,247,0
LiveCodeBench,abc385_c,medium,atcoder,337,359,0
LiveCodeBench,abc385_d,hard,atcoder,774,795,0
LiveCodeBench,abc385_e,hard,atcoder,472,494,0
LiveCodeBench,abc385_b,easy,atcoder,1009,1031,0
LiveCodeBench,abc386_e,hard,atcoder,634,656,0
LiveCodeBench,abc386_a,easy,atcoder,328,350,0
LiveCodeBench,abc386_d,hard,atcoder,554,576,0
LiveCodeBench,abc386_c,medium,atcoder,385,407,0
LiveCodeBench,abc386_b,easy,atcoder,290,312,0
LiveCodeBench,abc386_f,hard,atcoder,359,381,0
LiveCodeBench,arc184_d,hard,atcoder,339,361,0
LiveCodeBench,arc184_c,hard,atcoder,505,527,0
LiveCodeBench,arc184_e,hard,atcoder,605,627,0
LiveCodeBench,arc185_c,hard,atcoder,387,409,0
LiveCodeBench,arc185_e,hard,atcoder,584,606,0
LiveCodeBench,arc185_b,hard,atcoder,487,508,0
LiveCodeBench,arc185_d,hard,atcoder,601,623,0
LiveCodeBench,arc186_a,hard,atcoder,612,634,0
LiveCodeBench,arc186_d,hard,atcoder,904,926,0
LiveCodeBench,arc186_b,hard,atcoder,395,416,0
LiveCodeBench,arc186_e,hard,atcoder,364,386,0
LiveCodeBench,arc186_c,hard,atcoder,952,973,0
LiveCodeBench,arc187_b,hard,atcoder,524,545,0
LiveCodeBench,arc188_c,hard,atcoder,980,1001,0
LiveCodeBench,arc188_b,hard,atcoder,509,530,0
LiveCodeBench,arc188_d,hard,atcoder,899,920,0
LiveCodeBench,arc188_a,hard,atcoder,568,590,0
LiveCodeBench,arc189_a,medium,atcoder,522,544,0
LiveCodeBench,arc189_c,hard,atcoder,1023,1045,0
LiveCodeBench,arc189_d,hard,atcoder,656,678,0
LiveCodeBench,arc189_b,hard,atcoder,512,534,0
LiveCodeBench,3610,easy,leetcode,481,540,28
LiveCodeBench,3588,hard,leetcode,543,593,20
LiveCodeBench,3566,medium,leetcode,324,372,18
LiveCodeBench,3502,medium,leetcode,179,231,22
LiveCodeBench,3607,medium,leetcode,233,282,18
LiveCodeBench,3603,hard,leetcode,509,563,24
LiveCodeBench,3593,medium,leetcode,221,270,18
LiveCodeBench,3629,medium,leetcode,385,439,23
LiveCodeBench,3608,hard,leetcode,507,558,20
LiveCodeBench,3636,easy,leetcode,199,248,18
LiveCodeBench,3627,medium,leetcode,397,450,22
LiveCodeBench,3637,hard,leetcode,271,321,20
LiveCodeBench,3612,easy,leetcode,284,339,24
LiveCodeBench,3646,hard,leetcode,238,290,21
LiveCodeBench,3631,hard,leetcode,345,400,24
LiveCodeBench,3616,easy,leetcode,693,743,20
LiveCodeBench,3639,medium,leetcode,371,427,25
LiveCodeBench,3658,hard,leetcode,308,356,18
LiveCodeBench,3644,easy,leetcode,402,461,28
LiveCodeBench,3654,medium,leetcode,449,513,33
LiveCodeBench,3675,hard,leetcode,425,480,25
LiveCodeBench,3605,easy,leetcode,539,590,21
LiveCodeBench,3487,medium,leetcode,449,508,29
LiveCodeBench,3604,hard,leetcode,304,361,26
LiveCodeBench,3617,easy,leetcode,201,249,18
LiveCodeBench,3587,medium,leetcode,383,449,35
LiveCodeBench,3626,easy,leetcode,162,214,21
LiveCodeBench,3622,medium,leetcode,252,310,27
LiveCodeBench,3625,easy,leetcode,164,213,18
LiveCodeBench,3591,medium,leetcode,716,780,33
LiveCodeBench,3647,medium,leetcode,404,460,25
LiveCodeBench,3648,hard,leetcode,711,764,22
LiveCodeBench,3676,easy,leetcode,127,175,17
LiveCodeBench,3594,medium,leetcode,311,362,21
LiveCodeBench,3651,easy,leetcode,520,572,21
LiveCodeBench,3681,medium,leetcode,394,444,20
LiveCodeBench,3653,medium,leetcode,246,301,24
LiveCodeBench,3621,easy,leetcode,326,379,22
LiveCodeBench,3649,medium,leetcode,479,533,23
LiveCodeBench,3655,medium,leetcode,296,347,21
LiveCodeBench,3680,hard,leetcode,285,338,22
LiveCodeBench,3632,easy,leetcode,370,422,22
LiveCodeBench,3613,medium,leetcode,742,816,44
LiveCodeBench,3686,medium,leetcode,219,269,19
LiveCodeBench,3638,hard,leetcode,231,279,18
LiveCodeBench,3656,easy,leetcode,331,380,18
LiveCodeBench,3620,medium,leetcode,217,271,23
LiveCodeBench,3690,hard,leetcode,266,318,21
LiveCodeBench,3683,medium,leetcode,216,269,22
LiveCodeBench,3699,medium,leetcode,590,640,19
LiveCodeBench,3682,hard,leetcode,391,448,26
LiveCodeBench,3685,easy,leetcode,167,217,19
LiveCodeBench,3659,medium,leetcode,684,742,27
LiveCodeBench,3657,medium,leetcode,470,525,25
LiveCodeBench,3700,hard,leetcode,384,436,21
LiveCodeBench,3702,easy,leetcode,338,386,17
LiveCodeBench,3634,medium,leetcode,398,445,17
LiveCodeBench,3715,medium,leetcode,297,350,23
LiveCodeBench,3562,hard,leetcode,442,493,20
LiveCodeBench,3684,easy,leetcode,216,268,21
LiveCodeBench,3716,medium,leetcode,334,384,19
LiveCodeBench,3688,hard,leetcode,436,487,20
LiveCodeBench,abc387_b,easy,atcoder,284,306,0
LiveCodeBench,abc387_f,hard,atcoder,322,344,0
LiveCodeBench,abc387_a,easy,atcoder,145,167,0
LiveCodeBench,abc387_c,medium,atcoder,221,243,0
LiveCodeBench,abc388_d,medium,atcoder,518,540,0
LiveCodeBench,abc388_b,easy,atcoder,361,383,0
LiveCodeBench,abc388_g,hard,atcoder,942,964,0
LiveCodeBench,abc388_c,medium,atcoder,518,540,0
LiveCodeBench,abc388_a,easy,atcoder,182,204,0
LiveCodeBench,abc388_f,hard,atcoder,464,486,0
LiveCodeBench,abc388_e,hard,atcoder,467,489,0
LiveCodeBench,abc389_d,medium,atcoder,249,271,0
LiveCodeBench,abc389_b,easy,atcoder,178,199,0
LiveCodeBench,abc389_a,easy,atcoder,181,202,0
LiveCodeBench,abc389_g,hard,atcoder,495,516,0
LiveCodeBench,abc389_f,hard,atcoder,832,854,0
LiveCodeBench,abc389_e,hard,atcoder,303,325,0
LiveCodeBench,abc390_e,hard,atcoder,532,554,0
LiveCodeBench,abc390_g,hard,atcoder,378,400,0
LiveCodeBench,abc390_a,easy,atcoder,292,314,0
LiveCodeBench,abc390_b,easy,atcoder,294,315,0
LiveCodeBench,abc390_d,medium,atcoder,661,683,0
LiveCodeBench,abc390_f,hard,atcoder,510,532,0
LiveCodeBench,abc390_c,medium,atcoder,600,622,0
LiveCodeBench,abc391_d,medium,atcoder,678,700,0
LiveCodeBench,abc391_f,hard,atcoder,854,876,0
LiveCodeBench,abc391_a,easy,atcoder,196,217,0
LiveCodeBench,abc391_e,hard,atcoder,518,540,0
LiveCodeBench,abc391_g,hard,atcoder,412,434,0
LiveCodeBench,abc391_b,easy,atcoder,505,527,0
LiveCodeBench,abc392_a,easy,atcoder,239,260,0
LiveCodeBench,abc392_g,hard,atcoder,319,341,0
LiveCodeBench,abc392_b,easy,atcoder,375,397,0
LiveCodeBench,abc392_d,medium,atcoder,467,489,0
LiveCodeBench,abc392_f,hard,atcoder,401,423,0
LiveCodeBench,abc392_c,medium,atcoder,387,409,0
LiveCodeBench,abc393_a,easy,atcoder,342,363,0
LiveCodeBench,abc393_f,hard,atcoder,572,594,0
LiveCodeBench,abc393_e,hard,atcoder,474,496,0
LiveCodeBench,abc393_d,hard,atcoder,410,432,0
LiveCodeBench,abc393_b,easy,atcoder,237,259,0
LiveCodeBench,abc394_c,medium,atcoder,488,509,0
LiveCodeBench,abc394_b,easy,atcoder,242,264,0
LiveCodeBench,abc394_f,hard,atcoder,490,512,0
LiveCodeBench,abc394_a,easy,atcoder,176,198,0
LiveCodeBench,abc394_g,hard,atcoder,1282,1303,0
LiveCodeBench,abc394_d,medium,atcoder,482,503,0
LiveCodeBench,abc394_e,hard,atcoder,699,721,0
LiveCodeBench,abc395_c,medium,atcoder,326,348,0
LiveCodeBench,abc395_f,hard,atcoder,666,688,0
LiveCodeBench,abc395_b,easy,atcoder,623,644,0
LiveCodeBench,abc395_a,easy,atcoder,329,350,0
LiveCodeBench,abc395_e,hard,atcoder,821,843,0
LiveCodeBench,abc396_g,hard,atcoder,549,571,0
LiveCodeBench,abc396_c,medium,atcoder,396,417,0
LiveCodeBench,abc396_f,hard,atcoder,429,451,0
LiveCodeBench,abc396_b,easy,atcoder,568,590,0
LiveCodeBench,abc396_e,hard,atcoder,726,748,0
LiveCodeBench,abc396_d,medium,atcoder,692,714,0
LiveCodeBench,abc396_a,easy,atcoder,399,421,0
LiveCodeBench,abc397_d,hard,atcoder,261,283,0
LiveCodeBench,abc397_f,hard,atcoder,445,467,0
LiveCodeBench,abc397_c,medium,atcoder,460,482,0
LiveCodeBench,abc397_g,hard,atcoder,422,443,0
LiveCodeBench,abc397_e,hard,atcoder,414,436,0
LiveCodeBench,abc397_a,easy,atcoder,318,339,0
LiveCodeBench,abc397_b,medium,atcoder,310,331,0
LiveCodeBench,abc398_f,hard,atcoder,159,180,0
LiveCodeBench,abc398_b,medium,atcoder,318,340,0
LiveCodeBench,abc398_d,hard,atcoder,688,710,0
LiveCodeBench,abc398_a,easy,atcoder,128,149,0
LiveCodeBench,abc398_c,medium,atcoder,327,348,0
LiveCodeBench,abc398_g,hard,atcoder,560,582,0
LiveCodeBench,abc399_e,hard,atcoder,400,422,0
LiveCodeBench,abc399_d,medium,atcoder,663,684,0
LiveCodeBench,abc399_a,easy,atcoder,258,280,0
LiveCodeBench,abc399_c,medium,atcoder,340,362,0
LiveCodeBench,abc399_f,hard,atcoder,339,360,0
LiveCodeBench,abc399_b,easy,atcoder,611,633,0
LiveCodeBench,abc400_c,medium,atcoder,239,260,0
LiveCodeBench,abc400_d,medium,atcoder,1171,1193,0
LiveCodeBench,abc400_a,easy,atcoder,172,194,0
LiveCodeBench,abc400_b,easy,atcoder,250,272,0
LiveCodeBench,abc400_e,hard,atcoder,359,380,0
LiveCodeBench,abc400_g,hard,atcoder,897,918,0
LiveCodeBench,arc190_c,hard,atcoder,1350,1372,0
LiveCodeBench,arc190_a,hard,atcoder,778,800,0
LiveCodeBench,arc190_d,hard,atcoder,765,787,0
LiveCodeBench,arc191_d,hard,atcoder,586,608,0
LiveCodeBench,arc191_c,hard,atcoder,435,456,0
LiveCodeBench,arc191_a,medium,atcoder,356,378,0
LiveCodeBench,arc192_e,hard,atcoder,461,482,0
LiveCodeBench,arc192_b,hard,atcoder,627,649,0
LiveCodeBench,arc192_d,hard,atcoder,529,550,0
LiveCodeBench,arc192_a,medium,atcoder,778,799,0
LiveCodeBench,arc193_b,hard,atcoder,713,735,0
LiveCodeBench,arc193_a,hard,atcoder,938,960,0
LiveCodeBench,arc193_d,hard,atcoder,828,849,0
LiveCodeBench,arc194_c,hard,atcoder,755,777,0
LiveCodeBench,arc194_b,hard,atcoder,403,425,0
LiveCodeBench,arc194_e,hard,atcoder,640,661,0
LiveCodeBench,arc194_a,medium,atcoder,519,541,0
LiveCodeBench,arc194_d,hard,atcoder,381,403,0
LiveCodeBench,arc195_e,hard,atcoder,697,718,0
LiveCodeBench,arc195_b,hard,atcoder,524,546,0
LiveCodeBench,arc195_c,hard,atcoder,780,801,0
LiveCodeBench,arc195_d,hard,atcoder,526,547,0
LiveCodeBench,arc195_a,medium,atcoder,366,387,0
LiveCodeBench,arc196_b,hard,atcoder,884,905,0
LiveCodeBench,arc196_c,hard,atcoder,566,588,0
LiveCodeBench,arc196_a,hard,atcoder,330,352,0
LiveCodeBench,arc196_d,hard,atcoder,855,877,0
LiveCodeBench,3708,easy,leetcode,280,332,21
LiveCodeBench,3677,medium,leetcode,517,567,19
LiveCodeBench,3720,medium,leetcode,553,611,28
LiveCodeBench,3674,hard,leetcode,433,490,26
LiveCodeBench,3731,easy,leetcode,303,353,19
LiveCodeBench,3714,medium,leetcode,355,409,24
LiveCodeBench,3737,medium,leetcode,598,652,23
LiveCodeBench,3725,hard,leetcode,299,355,25
LiveCodeBench,3704,easy,leetcode,339,389,19
LiveCodeBench,3721,medium,leetcode,690,746,26
LiveCodeBench,3751,medium,leetcode,271,324,22
LiveCodeBench,3753,easy,leetcode,235,282,17
LiveCodeBench,3754,medium,leetcode,462,513,21
LiveCodeBench,3697,hard,leetcode,260,315,24
LiveCodeBench,3748,medium,leetcode,342,394,21
LiveCodeBench,3760,medium,leetcode,427,482,24
LiveCodeBench,3696,hard,leetcode,278,326,18
LiveCodeBench,3762,hard,leetcode,463,516,22
LiveCodeBench,3709,easy,leetcode,248,300,22
LiveCodeBench,3779,medium,leetcode,455,503,18
LiveCodeBench,3771,medium,leetcode,284,336,22
LiveCodeBench,3733,hard,leetcode,595,647,22
LiveCodeBench,3768,easy,leetcode,368,416,18
LiveCodeBench,3764,medium,leetcode,326,384,28
LiveCodeBench,3781,hard,leetcode,447,504,27
LiveCodeBench,3705,easy,leetcode,577,630,22
LiveCodeBench,3786,medium,leetcode,324,380,26
LiveCodeBench,3722,medium,leetcode,262,319,26
LiveCodeBench,3770,hard,leetcode,403,456,23
LiveCodeBench,3759,medium,leetcode,483,545,31
LiveCodeBench,3791,medium,leetcode,389,446,26
LiveCodeBench,3789,hard,leetcode,423,478,25
LiveCodeBench,3788,easy,leetcode,289,338,18
LiveCodeBench,3750,medium,leetcode,381,436,24
LiveCodeBench,3795,medium,leetcode,755,811,25
LiveCodeBench,3801,hard,leetcode,156,208,21
LiveCodeBench,3817,easy,leetcode,228,285,26
LiveCodeBench,3809,medium,leetcode,325,379,23
LiveCodeBench,3794,medium,leetcode,522,576,23
LiveCodeBench,3744,hard,leetcode,518,568,19
LiveCodeBench,3832,easy,leetcode,424,475,20
LiveCodeBench,3793,medium,leetcode,271,322,21
LiveCodeBench,3717,hard,leetcode,474,531,26
LiveCodeBench,3773,easy,leetcode,226,277,20
LiveCodeBench,3777,hard,leetcode,504,561,26
LiveCodeBench,3747,easy,leetcode,157,207,19
LiveCodeBench,3687,hard,leetcode,442,498,26
LiveCodeBench,3739,hard,leetcode,372,428,25
LiveCodeBench,3736,easy,leetcode,239,287,18
LiveCodeBench,3743,medium,leetcode,437,500,33
LiveCodeBench,3701,hard,leetcode,463,512,19
LiveCodeBench,3723,easy,leetcode,228,282,24
LiveCodeBench,3763,medium,leetcode,381,431,20
LiveCodeBench,3692,hard,leetcode,266,318,22
LiveCodeBench,3778,easy,leetcode,284,334,19
LiveCodeBench,3785,medium,leetcode,385,440,24
LiveCodeBench,3776,medium,leetcode,419,468,18
LiveCodeBench,3783,hard,leetcode,421,474,22
LiveCodeBench,3799,easy,leetcode,288,337,18
LiveCodeBench,3784,hard,leetcode,467,521,24
LiveCodeBench,3811,easy,leetcode,258,305,17
LiveCodeBench,3805,medium,leetcode,458,508,20
LiveCodeBench,3765,hard,leetcode,570,628,27
